Id_Ejercicio,Serie,Repetición,Fase,Tiempo (s),Posición (cm),Fuerza (Kg),Velocidad (cm/s),Trigger,Nota
294,1,1,c,0.01,0,3.59,0,0,0
294,1,1,c,0.02,0,3.96,0,0,0
294,1,1,c,0.03,0.18,4.61,0,0,0
294,1,1,c,0.04,0.37,5.36,0,0,0
294,1,1,c,0.05,0.73,6.37,9.81,0,0
294,1,1,c,0.06,1.1,7.45,22.31,0,0
294,1,1,c,0.07,1.65,8.3,37.63,0,0
294,1,1,c,0.08,2.2,8.68,49.23,0,0
294,1,1,c,0.09,2.93,8.73,55.41,0,0
294,1,1,c,0.1,3.48,8.04,59.67,0,0
294,1,1,c,0.11,4.21,7.66,65.49,0,0
294,1,1,c,0.12,4.76,7.02,70.43,0,0
294,1,1,c,0.13,5.5,6.8,71.93,0,0
294,1,1,c,0.14,6.23,6.86,72.84,0,0
294,1,1,c,0.15,6.96,6.96,75.16,0,0
294,1,1,c,0.16,7.7,7.5,75.72,0,0
294,1,1,c,0.17,8.25,8.2,76.56,0,0
294,1,1,c,0.18,9.16,8.68,76.76,0,0
294,1,1,c,0.19,9.9,8.95,75.35,0,0
294,1,1,c,0.2,10.63,9.11,77.24,0,0
294,1,1,c,0.21,11.36,9.05,79.72,0,0
294,1,1,c,0.22,12.1,9.05,80.37,0,0
294,1,1,c,0.23,12.83,9.16,82.1,0,0
294,1,1,c,0.24,13.56,9.16,82.65,0,0
294,1,1,c,0.25,14.48,9.27,81.45,0,0
294,1,1,c,0.26,15.21,9.16,80.24,0,0
294,1,1,c,0.27,15.94,8.89,80.29,0,0
294,1,1,c,0.28,16.68,8.63,80.23,0,0
294,1,1,c,0.29,17.59,8.41,80.59,0,0
294,1,1,c,0.3,18.33,8.25,79.91,0,0
294,1,1,c,0.31,19.06,8.36,81.07,0,0
294,1,1,c,0.32,19.79,8.46,81.1,0,0
294,1,1,c,0.33,20.53,8.41,80.77,0,0
294,1,1,c,0.34,21.26,8.36,81.52,0,0
294,1,1,c,0.35,21.99,8.2,80.28,0,0
294,1,1,c,0.36,22.72,8.04,80.03,0,0
294,1,1,c,0.37,23.46,8.04,80.01,0,0
294,1,1,c,0.38,24.19,8.25,78.89,0,0
294,1,1,c,0.39,25.11,8.79,79.54,0,0
294,1,1,c,0.4,25.84,9.16,79.8,0,0
294,1,1,c,0.41,26.57,9.21,79.79,0,0
294,1,1,c,0.42,27.31,8.89,79.15,0,0
294,1,1,c,0.43,28.04,8.63,77.32,0,0
294,1,1,c,0.44,28.96,8.52,78.35,0,0
294,1,1,c,0.45,29.69,8.57,78.52,0,0
294,1,1,c,0.46,30.42,8.84,80.22,0,0
294,1,1,c,0.47,31.15,9.21,82.42,0,0
294,1,1,c,0.48,31.89,9.38,80.89,0,0
294,1,1,c,0.49,32.62,9.21,80.62,0,0
294,1,1,c,0.5,33.35,9,81.42,0,0
294,1,1,c,0.51,34.09,8.89,81.06,0,0
294,1,1,c,0.52,35,8.95,81.01,0,0
294,1,1,c,0.53,35.74,9.21,80.41,0,0
294,1,1,c,0.54,36.47,9.75,79.12,0,0
294,1,1,c,0.55,37.2,9.96,78.69,0,0
294,1,1,c,0.56,38.12,9.96,78.23,0,0
294,1,1,c,0.57,38.85,10.07,79.93,0,0
294,1,1,c,0.58,39.58,10.13,80.82,0,0
294,1,1,c,0.59,40.32,10.02,82.51,0,0
294,1,1,c,0.6,41.05,10.29,82.21,0,0
294,1,1,c,0.61,41.78,10.61,81.41,0,0
294,1,1,c,0.62,42.52,11.09,80.5,0,0
294,1,1,c,0.63,43.43,11.41,82.25,0,0
294,1,1,c,0.64,44.17,11.09,81.51,0,0
294,1,1,c,0.65,44.72,12.16,78.35,0,0
294,1,1,c,0.66,45.27,13.45,67.13,0,0
294,1,1,c,0.67,45.45,15.05,53.95,0,0
294,1,1,c,0.68,45.45,16.71,37.22,0,0
294,1,1,c,0.69,45.45,17.41,21.86,0,0
294,1,1,c,0.7,45.45,18.11,11.54,0,0
294,1,1,e,0.71,45.08,19.71,-2.58,0,0
294,1,1,e,0.72,44.9,22.18,-10.03,0,0
294,1,1,e,0.73,44.53,23.95,-20.92,0,0
294,1,1,e,0.74,43.98,24.37,-34.24,0,0
294,1,1,e,0.75,43.62,24.11,-42.45,0,0
294,1,1,e,0.76,43.07,23.36,-47.76,0,0
294,1,1,e,0.77,42.52,22.5,-54.97,0,0
294,1,1,e,0.78,41.78,22.07,-57.57,0,0
294,1,1,e,0.79,41.23,22.07,-60.87,0,0
294,1,1,e,0.8,40.68,21.7,-65.25,0,0
294,1,1,e,0.81,39.95,21.27,-67.7,0,0
294,1,1,e,0.82,39.22,20.68,-69.61,0,0
294,1,1,e,0.83,38.48,20.36,-70.48,0,0
294,1,1,e,0.84,37.75,20.84,-72.87,0,0
294,1,1,e,0.85,37.2,21.64,-73.83,0,0
294,1,1,e,0.86,36.29,22.18,-75.79,0,0
294,1,1,e,0.87,35.74,22.18,-75.58,0,0
294,1,1,e,0.88,35,21.7,-75.5,0,0
294,1,1,e,0.89,34.09,21.05,-77.25,0,0
294,1,1,e,0.9,33.35,20.73,-78.43,0,0
294,1,1,e,0.91,32.62,20.36,-78.73,0,0
294,1,1,e,0.92,31.89,20.36,-80.61,0,0
294,1,1,e,0.93,31.15,19.71,-78.97,0,0
294,1,1,e,0.94,30.42,18.32,-78.7,0,0
294,1,1,e,0.95,29.69,17.57,-80.72,0,0
294,1,1,e,0.96,28.96,17.09,-80.58,0,0
294,1,1,e,0.97,28.22,17.63,-81.94,0,0
294,1,1,e,0.98,27.49,18.64,-82.33,0,0
294,1,1,e,0.99,26.76,19.45,-80.73,0,0
294,1,1,e,1,25.84,19.66,-78.98,0,0
294,1,1,e,1.01,25.11,20.2,-79.02,0,0
294,1,1,e,1.02,24.37,21.32,-78.68,0,0
294,1,1,e,1.03,23.64,22.45,-78.71,0,0
294,1,1,e,1.04,22.91,22.82,-77.49,0,0
294,1,1,e,1.05,22.17,22.23,-76.91,0,0
294,1,1,e,1.06,21.44,21.21,-78.63,0,0
294,1,1,e,1.07,20.71,21,-76.84,0,0
294,1,1,e,1.08,19.79,21.16,-79.21,0,0
294,1,1,e,1.09,19.06,21.7,-79.18,0,0
294,1,1,e,1.1,18.33,21.64,-79.01,0,0
294,1,1,e,1.11,17.59,21.43,-80.89,0,0
294,1,1,e,1.12,16.86,20.95,-80.08,0,0
294,1,1,e,1.13,16.13,20.68,-79.67,0,0
294,1,1,e,1.14,15.39,20.68,-81.28,0,0
294,1,1,e,1.15,14.66,20.79,-79.74,0,0
294,1,1,e,1.16,13.74,20.79,-82.02,0,0
294,1,1,e,1.17,13.01,20.57,-81.06,0,0
294,1,1,e,1.18,12.28,19.93,-80.19,0,0
294,1,1,e,1.19,11.55,18.86,-80.08,0,0
294,1,1,e,1.2,10.81,18.32,-78.42,0,0
294,1,1,e,1.21,9.9,19.07,-80.05,0,0
294,1,1,e,1.22,9.16,20.3,-78.92,0,0
294,1,1,e,1.23,8.43,21.8,-79.6,0,0
294,1,1,e,1.24,7.7,22.71,-81.82,0,0
294,1,1,e,1.25,6.96,22.93,-80.98,0,0
294,1,1,e,1.26,6.23,22.98,-80.51,0,0
294,1,1,e,1.27,5.5,22.77,-81.3,0,0
294,1,1,e,1.28,4.76,22.98,-80.16,0,0
294,1,1,e,1.29,4.03,23.46,-80.94,0,0
294,1,1,e,1.3,3.3,25.34,-80.61,0,0
294,1,1,e,1.31,2.38,28.61,-80.41,0,0
294,1,1,e,1.32,1.65,30.16,-80.68,0,0
294,1,1,e,1.33,0.92,30.21,-79.32,0,0
294,1,1,e,1.34,0.37,29.25,-78.45,0,0
294,1,1,e,1.35,-0.55,28.61,-78.88,0,0
294,1,1,e,1.36,-1.1,32.68,-77.85,0,0
294,1,1,e,1.37,-1.83,34.34,-73.53,0,0
294,1,1,e,1.38,-2.2,27.05,-65.14,0,0
294,1,1,e,1.39,-2.57,27.32,-49.58,0,0
294,1,1,e,1.4,-2.57,28.07,-38.16,0,0
294,1,1,e,1.41,-2.57,24.27,-24.18,0,0
294,1,2,c,1.42,-2.38,20.79,0,0,0
294,1,2,c,1.43,-2.2,17.79,2.66,0,0
294,1,2,c,1.44,-1.83,15.38,8.93,0,0
294,1,2,c,1.45,-1.65,13.18,19.86,0,0
294,1,2,c,1.46,-1.1,12.16,31.77,0,0
294,1,2,c,1.47,-0.73,11.95,43.57,0,0
294,1,2,c,1.48,-0.18,12.48,47.66,0,0
294,1,2,c,1.49,0.37,13.66,55.33,0,0
294,1,2,c,1.5,1.1,14.36,58.34,0,0
294,1,2,c,1.51,1.65,14.25,62.06,0,0
294,1,2,c,1.52,2.2,14.2,65.04,0,0
294,1,2,c,1.53,2.93,14.09,69.06,0,0
294,1,2,c,1.54,3.67,14.09,71.94,0,0
294,1,2,c,1.55,4.4,14.3,75.59,0,0
294,1,2,c,1.56,5.13,13.98,77.85,0,0
294,1,2,c,1.57,5.86,13.5,79.71,0,0
294,1,2,c,1.58,6.6,13.02,79.67,0,0
294,1,2,c,1.59,7.33,12.64,79.88,0,0
294,1,2,c,1.6,8.25,12.43,81,0,0
294,1,2,c,1.61,8.98,12.43,81.24,0,0
294,1,2,c,1.62,9.71,12.16,81.21,0,0
294,1,2,c,1.63,10.45,11.41,80.11,0,0
294,1,2,c,1.64,11.36,11.25,80.56,0,0
294,1,2,c,1.65,12.1,10.82,81.82,0,0
294,1,2,c,1.66,12.83,10.71,80.42,0,0
294,1,2,c,1.67,13.56,10.98,82.58,0,0
294,1,2,c,1.68,14.29,11.36,80.35,0,0
294,1,2,c,1.69,15.03,11.63,80.68,0,0
294,1,2,c,1.7,15.76,11.46,81.91,0,0
294,1,2,c,1.71,16.49,11.46,80.8,0,0
294,1,2,c,1.72,17.41,11.2,81.21,0,0
294,1,2,c,1.73,18.14,10.77,80.93,0,0
294,1,2,c,1.74,18.88,10.66,79.54,0,0
294,1,2,c,1.75,19.61,10.77,79.2,0,0
294,1,2,c,1.76,20.34,10.5,78.16,0,0
294,1,2,c,1.77,21.07,10.82,78.56,0,0
294,1,2,c,1.78,21.99,10.66,79.13,0,0
294,1,2,c,1.79,22.72,10.55,79.25,0,0
294,1,2,c,1.8,23.46,10.66,79.83,0,0
294,1,2,c,1.81,24.19,10.88,80.34,0,0
294,1,2,c,1.82,24.92,10.88,77.8,0,0
294,1,2,c,1.83,25.66,11.14,79.9,0,0
294,1,2,c,1.84,26.39,11.73,79.41,0,0
294,1,2,c,1.85,27.12,11.68,80.23,0,0
294,1,2,c,1.86,27.86,11.46,81.64,0,0
294,1,2,c,1.87,28.59,11.84,79.93,0,0
294,1,2,c,1.88,29.5,11.63,81.27,0,0
294,1,2,c,1.89,30.05,11.63,81.03,0,0
294,1,2,c,1.9,30.97,11.95,80.89,0,0
294,1,2,c,1.91,31.7,11.84,79.84,0,0
294,1,2,c,1.92,32.44,11.73,77.64,0,0
294,1,2,c,1.93,33.35,11.68,78.5,0,0
294,1,2,c,1.94,34.09,11.63,78.62,0,0
294,1,2,c,1.95,34.82,11.52,78.35,0,0
294,1,2,c,1.96,35.55,11.63,80.54,0,0
294,1,2,c,1.97,36.29,11.84,79.01,0,0
294,1,2,c,1.98,37.02,11.52,80.8,0,0
294,1,2,c,1.99,37.75,11.04,81.81,0,0
294,1,2,c,2,38.48,10.88,80.6,0,0
294,1,2,c,2.01,39.4,10.98,80.54,0,0
294,1,2,c,2.02,40.13,10.93,79.9,0,0
294,1,2,c,2.03,40.87,11.14,79.43,0,0
294,1,2,c,2.04,41.6,11.04,78.9,0,0
294,1,2,c,2.05,42.33,10.34,78.35,0,0
294,1,2,c,2.06,43.25,9.86,79.94,0,0
294,1,2,c,2.07,43.8,9.48,79.43,0,0
294,1,2,c,2.08,44.53,10.02,76.98,0,0
294,1,2,c,2.09,45.08,11.57,68.28,0,0
294,1,2,c,2.1,45.27,13.71,53.25,0,0
294,1,2,c,2.11,45.27,15.05,35.74,0,0
294,1,2,c,2.12,45.27,15,22.27,0,0
294,1,2,e,2.13,45.08,14.84,0,0,0
294,1,2,e,2.14,44.9,15.86,-1.11,0,0
294,1,2,e,2.15,44.72,17.46,-8.81,0,0
294,1,2,e,2.16,44.35,18.59,-19.63,0,0
294,1,2,e,2.17,43.8,19.45,-32.5,0,0
294,1,2,e,2.18,43.25,20.09,-41.74,0,0
294,1,2,e,2.19,42.88,20.09,-49.24,0,0
294,1,2,e,2.2,42.15,19.77,-52.98,0,0
294,1,2,e,2.21,41.6,18.91,-58.11,0,0
294,1,2,e,2.22,41.05,18.05,-61.63,0,0
294,1,2,e,2.23,40.32,16.66,-64.92,0,0
294,1,2,e,2.24,39.58,15.48,-66.05,0,0
294,1,2,e,2.25,39.03,14.57,-68.94,0,0
294,1,2,e,2.26,38.3,14.09,-71.8,0,0
294,1,2,e,2.27,37.57,14.14,-74.93,0,0
294,1,2,e,2.28,36.84,14.04,-76.21,0,0
294,1,2,e,2.29,36.1,13.66,-75.91,0,0
294,1,2,e,2.3,35.37,13.45,-74.86,0,0
294,1,2,e,2.31,34.64,13.55,-74.97,0,0
294,1,2,e,2.32,33.9,14.14,-76,0,0
294,1,2,e,2.33,33.17,14.89,-77.01,0,0
294,1,2,e,2.34,32.44,15.11,-78.72,0,0
294,1,2,e,2.35,31.7,14.79,-78.11,0,0
294,1,2,e,2.36,30.97,13.98,-77.99,0,0
294,1,2,e,2.37,30.24,13.18,-77.11,0,0
294,1,2,e,2.38,29.32,12.8,-77.63,0,0
294,1,2,e,2.39,28.59,12.91,-78.95,0,0
294,1,2,e,2.4,27.86,13.29,-79.69,0,0
294,1,2,e,2.41,27.12,13.55,-80.31,0,0
294,1,2,e,2.42,26.39,13.55,-81.31,0,0
294,1,2,e,2.43,25.66,13.55,-80.98,0,0
294,1,2,e,2.44,24.92,13.82,-80.96,0,0
294,1,2,e,2.45,24.19,14.09,-81.4,0,0
294,1,2,e,2.46,23.46,14.57,-80.1,0,0
294,1,2,e,2.47,22.54,15.32,-78.91,0,0
294,1,2,e,2.48,21.81,15.96,-78.68,0,0
294,1,2,e,2.49,21.07,17.09,-78.78,0,0
294,1,2,e,2.5,20.34,18,-77.9,0,0
294,1,2,e,2.51,19.61,18.86,-77.99,0,0
294,1,2,e,2.52,18.88,18.8,-78.39,0,0
294,1,2,e,2.53,18.14,17.95,-79.39,0,0
294,1,2,e,2.54,17.41,16.66,-77,0,0
294,1,2,e,2.55,16.49,16.07,-78.53,0,0
294,1,2,e,2.56,15.76,16.66,-79.18,0,0
294,1,2,e,2.57,15.03,18.59,-78.79,0,0
294,1,2,e,2.58,14.29,20.14,-80.96,0,0
294,1,2,e,2.59,13.56,20.84,-79.82,0,0
294,1,2,e,2.6,12.83,20.09,-80.55,0,0
294,1,2,e,2.61,12.1,18.21,-82.56,0,0
294,1,2,e,2.62,11.36,16.29,-81.16,0,0
294,1,2,e,2.63,10.63,15.05,-81.54,0,0
294,1,2,e,2.64,9.9,14.73,-80,0,0
294,1,2,e,2.65,8.98,15.75,-78.97,0,0
294,1,2,e,2.66,8.25,17.73,-78.81,0,0
294,1,2,e,2.67,7.51,19.82,-79.24,0,0
294,1,2,e,2.68,6.78,21.7,-79.81,0,0
294,1,2,e,2.69,6.05,22.77,-79.65,0,0
294,1,2,e,2.7,5.31,23.14,-78.18,0,0
294,1,2,e,2.71,4.58,23.57,-76.73,0,0
294,1,2,e,2.72,3.85,24.86,-76.07,0,0
294,1,2,e,2.73,3.12,26.84,-75.77,0,0
294,1,2,e,2.74,2.2,30.11,-77.77,0,0
294,1,2,e,2.75,1.47,33.7,-77.61,0,0
294,1,2,e,2.76,0.92,36.59,-76.83,0,0
294,1,2,e,2.77,0.18,39.16,-75.78,0,0
294,1,2,e,2.78,-0.55,40.98,-75.69,0,0
294,1,2,e,2.79,-1.28,43.5,-73.47,0,0
294,1,2,e,2.8,-1.83,47.36,-69.94,0,0
294,1,2,e,2.81,-2.2,46.71,-61.09,0,0
294,1,2,e,2.82,-2.38,36.86,-45.43,0,0
294,1,2,e,2.83,-2.57,31.45,-33.94,0,0
294,1,3,c,2.84,-2.57,27.86,0,0,0
294,1,3,c,2.85,-2.38,21.38,0,0,0
294,1,3,c,2.86,-2.2,15.27,2.95,0,0
294,1,3,c,2.87,-1.83,11.36,8.3,0,0
294,1,3,c,2.88,-1.65,8.79,18.46,0,0
294,1,3,c,2.89,-1.1,7.18,29.45,0,0
294,1,3,c,2.9,-0.73,6.32,41.4,0,0
294,1,3,c,2.91,-0.37,6,46.16,0,0
294,1,3,c,2.92,0.37,6.32,53.21,0,0
294,1,3,c,2.93,0.92,6.86,57.47,0,0
294,1,3,c,2.94,1.47,7.45,61.78,0,0
294,1,3,c,2.95,2.2,7.55,65.72,0,0
294,1,3,c,2.96,2.93,8.36,67.19,0,0
294,1,3,c,2.97,3.48,9.43,70.33,0,0
294,1,3,c,2.98,4.21,10.98,72.47,0,0
294,1,3,c,2.99,4.95,11.89,73.72,0,0
294,1,3,c,3,5.68,11.95,74.32,0,0
294,1,3,c,3.01,6.41,11.52,74.9,0,0
294,1,3,c,3.02,7.15,11.25,74.27,0,0
294,1,3,c,3.03,8.06,11.46,77.07,0,0
294,1,3,c,3.04,8.8,12.27,78.49,0,0
294,1,3,c,3.05,9.53,12.91,81.11,0,0
294,1,3,c,3.06,10.26,13.07,82.23,0,0
294,1,3,c,3.07,11,12.75,82.1,0,0
294,1,3,c,3.08,11.73,11.95,82.22,0,0
294,1,3,c,3.09,12.64,11.36,82.76,0,0
294,1,3,c,3.1,13.38,11.2,81.76,0,0
294,1,3,c,3.11,14.29,11.41,81.95,0,0
294,1,3,c,3.12,15.03,11.25,82.75,0,0
294,1,3,c,3.13,15.76,10.93,83.96,0,0
294,1,3,c,3.14,16.49,10.5,83.91,0,0
294,1,3,c,3.15,17.23,10.23,84.43,0,0
294,1,3,c,3.16,18.14,10.23,83.59,0,0
294,1,3,c,3.17,18.88,10.29,81.9,0,0
294,1,3,c,3.18,19.79,10.29,80.2,0,0
294,1,3,c,3.19,20.34,9.91,79.12,0,0
294,1,3,c,3.2,21.07,9.7,79.38,0,0
294,1,3,c,3.21,21.99,9.8,79.91,0,0
294,1,3,c,3.22,22.72,9.54,79.28,0,0
294,1,3,c,3.23,23.46,9.64,79.35,0,0
294,1,3,c,3.24,24.19,10.34,79.61,0,0
294,1,3,c,3.25,24.92,10.02,79.63,0,0
294,1,3,c,3.26,25.66,9.91,82.02,0,0
294,1,3,c,3.27,26.57,10.18,81.31,0,0
294,1,3,c,3.28,27.31,9.86,80.59,0,0
294,1,3,c,3.29,28.04,9.75,78.39,0,0
294,1,3,c,3.3,28.77,10.07,78.13,0,0
294,1,3,c,3.31,29.69,10.39,79.26,0,0
294,1,3,c,3.32,30.42,10.39,80.03,0,0
294,1,3,c,3.33,31.15,10.61,80.51,0,0
294,1,3,c,3.34,31.89,10.55,81.43,0,0
294,1,3,c,3.35,32.62,10.71,80.3,0,0
294,1,3,c,3.36,33.35,10.45,80.33,0,0
294,1,3,c,3.37,34.09,10.66,79.49,0,0
294,1,3,c,3.38,34.82,10.39,79.56,0,0
294,1,3,c,3.39,35.74,10.29,81.12,0,0
294,1,3,c,3.4,36.29,10.29,80.67,0,0
294,1,3,c,3.41,37.2,10.13,79.98,0,0
294,1,3,c,3.42,37.93,10.07,79.16,0,0
294,1,3,c,3.43,38.67,10.29,78.87,0,0
294,1,3,c,3.44,39.58,10.18,79.89,0,0
294,1,3,c,3.45,40.32,9.91,79.68,0,0
294,1,3,c,3.46,41.05,9.8,79.51,0,0
294,1,3,c,3.47,41.78,10.02,79.73,0,0
294,1,3,c,3.48,42.52,9.7,79.56,0,0
294,1,3,c,3.49,43.25,9.8,80.36,0,0
294,1,3,c,3.5,43.98,9.8,80.45,0,0
294,1,3,c,3.51,44.72,10.88,75.49,0,0
294,1,3,c,3.52,45.08,12.21,67.29,0,0
294,1,3,c,3.53,45.27,13.5,51.01,0,0
294,1,3,c,3.54,45.27,14.63,34.38,0,0
294,1,3,c,3.55,45.27,14.73,20.4,0,0
294,1,3,e,3.56,45.08,14.84,0,0,0
294,1,3,e,3.57,44.9,16.82,-0.86,0,0
294,1,3,e,3.58,44.72,19.39,-9.25,0,0
294,1,3,e,3.59,44.35,20.79,-20.49,0,0
294,1,3,e,3.6,43.8,21.32,-33.89,0,0
294,1,3,e,3.61,43.25,21,-42.46,0,0
294,1,3,e,3.62,42.88,20.2,-50.36,0,0
294,1,3,e,3.63,42.15,19.29,-55.6,0,0
294,1,3,e,3.64,41.6,18.11,-60.95,0,0
294,1,3,e,3.65,41.05,16.93,-63.15,0,0
294,1,3,e,3.66,40.32,15.59,-67.15,0,0
294,1,3,e,3.67,39.58,14.57,-66.76,0,0
294,1,3,e,3.68,38.85,13.45,-69.66,0,0
294,1,3,e,3.69,38.3,11.89,-72.52,0,0
294,1,3,e,3.7,37.57,10.66,-73.49,0,0
294,1,3,e,3.71,36.84,10.07,-74.75,0,0
294,1,3,e,3.72,36.1,10.18,-74.33,0,0
294,1,3,e,3.73,35.37,11.04,-75.07,0,0
294,1,3,e,3.74,34.64,12.43,-76.03,0,0
294,1,3,e,3.75,33.9,13.82,-76.38,0,0
294,1,3,e,3.76,33.17,14.95,-78.6,0,0
294,1,3,e,3.77,32.25,15.38,-79.43,0,0
294,1,3,e,3.78,31.52,15.7,-78.79,0,0
294,1,3,e,3.79,30.79,15.8,-79.25,0,0
294,1,3,e,3.8,30.24,15.75,-78.11,0,0
294,1,3,e,3.81,29.5,15.21,-78.37,0,0
294,1,3,e,3.82,28.59,14.25,-80.92,0,0
294,1,3,e,3.83,27.86,12.75,-80.98,0,0
294,1,3,e,3.84,27.12,11.73,-80.23,0,0
294,1,3,e,3.85,26.39,11.52,-81.62,0,0
294,1,3,e,3.86,25.66,12.43,-80.68,0,0
294,1,3,e,3.87,24.92,14.04,-80.5,0,0
294,1,3,e,3.88,24.19,15.54,-80.83,0,0
294,1,3,e,3.89,23.46,16.29,-78.95,0,0
294,1,3,e,3.9,22.54,15.75,-79.31,0,0
294,1,3,e,3.91,21.81,15,-77.87,0,0
294,1,3,e,3.92,21.07,14.89,-78,0,0
294,1,3,e,3.93,20.34,15.8,-78.74,0,0
294,1,3,e,3.94,19.61,17.36,-78.99,0,0
294,1,3,e,3.95,18.88,18.54,-79.36,0,0
294,1,3,e,3.96,18.14,19.07,-78.53,0,0
294,1,3,e,3.97,17.41,19.66,-76.44,0,0
294,1,3,e,3.98,16.49,20.3,-77.44,0,0
294,1,3,e,3.99,15.76,20.79,-77.66,0,0
294,1,3,e,4,15.03,21.27,-78.54,0,0
294,1,3,e,4.01,14.29,21.32,-80.15,0,0
294,1,3,e,4.02,13.56,21.54,-79.6,0,0
294,1,3,e,4.03,12.83,21.91,-78.42,0,0
294,1,3,e,4.04,12.1,22.66,-80.01,0,0
294,1,3,e,4.05,11.36,23.46,-79.36,0,0
294,1,3,e,4.06,10.63,24.37,-79,0,0
294,1,3,e,4.07,9.9,25.02,-81,0,0
294,1,3,e,4.08,9.16,24.86,-79.71,0,0
294,1,3,e,4.09,8.43,24.91,-79.04,0,0
294,1,3,e,4.1,7.7,25.18,-79.88,0,0
294,1,3,e,4.11,6.96,25.77,-78.11,0,0
294,1,3,e,4.12,6.23,26.3,-78.18,0,0
294,1,3,e,4.13,5.5,26.46,-79.78,0,0
294,1,3,e,4.14,4.76,26.73,-79.9,0,0
294,1,3,e,4.15,4.03,27.21,-79.84,0,0
294,1,3,e,4.16,3.12,27.7,-79.8,0,0
294,1,3,e,4.17,2.38,29.14,-79.82,0,0
294,1,3,e,4.18,1.65,30.54,-80.1,0,0
294,1,3,e,4.19,0.92,31.39,-78.39,0,0
294,1,3,e,4.2,0.18,32.52,-76.86,0,0
294,1,3,e,4.21,-0.55,33.7,-75.98,0,0
294,1,3,e,4.22,-1.28,34.61,-75.24,0,0
294,1,3,e,4.23,-1.83,34.93,-73.02,0,0
294,1,3,e,4.24,-2.2,37.66,-65.73,0,0
294,1,3,e,4.25,-2.57,36,-50.85,0,0
294,1,3,e,4.26,-2.57,27.8,-37.69,0,0
294,1,3,e,4.27,-2.57,23.52,-22.17,0,0
294,1,3,e,4.28,-2.57,20.68,-13.94,0,0
294,1,4,c,4.29,-2.2,14.68,0.66,0,0
294,1,4,c,4.3,-2.02,11.41,7.22,0,0
294,1,4,c,4.31,-1.65,9.43,18.79,0,0
294,1,4,c,4.32,-1.28,8.89,31.8,0,0
294,1,4,c,4.33,-0.73,9.16,42.03,0,0
294,1,4,c,4.34,-0.18,10.13,48.12,0,0
294,1,4,c,4.35,0.37,11.41,54.78,0,0
294,1,4,c,4.36,0.92,12.86,60.48,0,0
294,1,4,c,4.37,1.65,14.09,63.28,0,0
294,1,4,c,4.38,2.2,14.95,67.26,0,0
294,1,4,c,4.39,2.93,15.11,69.2,0,0
294,1,4,c,4.4,3.67,15.11,71.81,0,0
294,1,4,c,4.41,4.4,14.84,75.27,0,0
294,1,4,c,4.42,5.13,14.36,77.15,0,0
294,1,4,c,4.43,5.86,13.93,79.02,0,0
294,1,4,c,4.44,6.6,13.61,78.15,0,0
294,1,4,c,4.45,7.33,13.34,79.75,0,0
294,1,4,c,4.46,8.06,13.23,81.14,0,0
294,1,4,c,4.47,8.98,13.18,81.25,0,0
294,1,4,c,4.48,9.71,13.02,80.37,0,0
294,1,4,c,4.49,10.45,12,80.37,0,0
294,1,4,c,4.5,11.36,11.57,81.59,0,0
294,1,4,c,4.51,12.1,11.36,82.87,0,0
294,1,4,c,4.52,12.83,11.25,82.89,0,0
294,1,4,c,4.53,13.56,11.36,84.67,0,0
294,1,4,c,4.54,14.29,11.57,82.77,0,0
294,1,4,c,4.55,15.21,11.46,82.25,0,0
294,1,4,c,4.56,15.94,11.2,79.69,0,0
294,1,4,c,4.57,16.68,10.77,79.82,0,0
294,1,4,c,4.58,17.59,10.5,79.88,0,0
294,1,4,c,4.59,18.14,10.34,80.79,0,0
294,1,4,c,4.6,19.06,10.5,80.25,0,0
294,1,4,c,4.61,19.79,10.88,79.58,0,0
294,1,4,c,4.62,20.53,10.77,80.19,0,0
294,1,4,c,4.63,21.26,10.55,81.38,0,0
294,1,4,c,4.64,21.99,10.45,81.86,0,0
294,1,4,c,4.65,22.72,9.75,81.51,0,0
294,1,4,c,4.66,23.46,9.43,81.62,0,0
294,1,4,c,4.67,24.19,10.45,79.44,0,0
294,1,4,c,4.68,25.11,10.61,80.07,0,0
294,1,4,c,4.69,25.84,10.66,80.7,0,0
294,1,4,c,4.7,26.57,10.5,80.36,0,0
294,1,4,c,4.71,27.31,10.29,79.93,0,0
294,1,4,c,4.72,28.04,9.91,78.55,0,0
294,1,4,c,4.73,28.77,10.34,78.32,0,0
294,1,4,c,4.74,29.5,10.34,77.13,0,0
294,1,4,c,4.75,30.42,10.18,77.97,0,0
294,1,4,c,4.76,31.15,10.23,79.2,0,0
294,1,4,c,4.77,31.89,10.13,79.39,0,0
294,1,4,c,4.78,32.62,10.23,78.87,0,0
294,1,4,c,4.79,33.35,10.55,80.41,0,0
294,1,4,c,4.8,34.09,10.39,80.46,0,0
294,1,4,c,4.81,34.82,10.13,79.54,0,0
294,1,4,c,4.82,35.55,10.18,81.75,0,0
294,1,4,c,4.83,36.29,10.34,80.11,0,0
294,1,4,c,4.84,37.02,10.45,79.85,0,0
294,1,4,c,4.85,37.93,10.34,79.38,0,0
294,1,4,c,4.86,38.67,10.18,79.19,0,0
294,1,4,c,4.87,39.4,10.34,79.6,0,0
294,1,4,c,4.88,40.13,9.96,79.7,0,0
294,1,4,c,4.89,40.87,10.13,78.89,0,0
294,1,4,c,4.9,41.78,10.34,79.65,0,0
294,1,4,c,4.91,42.52,9.96,79.12,0,0
294,1,4,c,4.92,43.25,9.91,80.02,0,0
294,1,4,c,4.93,43.98,9.8,80.63,0,0
294,1,4,c,4.94,44.53,10.93,75.7,0,0
294,1,4,c,4.95,45.08,12.32,67.88,0,0
294,1,4,c,4.96,45.27,13.77,53.59,0,0
294,1,4,c,4.97,45.27,14.95,35.78,0,0
294,1,4,c,4.98,45.27,15.11,22.07,0,0
294,1,4,e,4.99,45.08,15.05,0,0,0
294,1,4,e,5,44.9,16.77,-1.18,0,0
294,1,4,e,5.01,44.72,19.02,-9.21,0,0
294,1,4,e,5.02,44.35,20.09,-20.29,0,0
294,1,4,e,5.03,43.8,19.82,-33.38,0,0
294,1,4,e,5.04,43.25,19.23,-41.62,0,0
294,1,4,e,5.05,42.88,18.32,-48.98,0,0
294,1,4,e,5.06,42.15,17.46,-52.52,0,0
294,1,4,e,5.07,41.6,16.66,-58.07,0,0
294,1,4,e,5.08,41.05,15.38,-61.27,0,0
294,1,4,e,5.09,40.32,13.55,-66.34,0,0
294,1,4,e,5.1,39.58,12.11,-67.29,0,0
294,1,4,e,5.11,38.85,11.2,-71.01,0,0
294,1,4,e,5.12,38.3,10.82,-73.06,0,0
294,1,4,e,5.13,37.57,11.14,-74.16,0,0
294,1,4,e,5.14,36.84,11.68,-74.53,0,0
294,1,4,e,5.15,36.1,11.46,-73.62,0,0
294,1,4,e,5.16,35.37,10.61,-74.2,0,0
294,1,4,e,5.17,34.64,9.59,-75.15,0,0
294,1,4,e,5.18,33.72,8.89,-76.8,0,0
294,1,4,e,5.19,33.17,8.84,-78.76,0,0
294,1,4,e,5.2,32.25,9.54,-79.73,0,0
294,1,4,e,5.21,31.52,10.55,-80.05,0,0
294,1,4,e,5.22,30.79,11.63,-80.25,0,0
294,1,4,e,5.23,30.05,12.48,-81.41,0,0
294,1,4,e,5.24,29.32,12.59,-81.03,0,0
294,1,4,e,5.25,28.59,12,-82.74,0,0
294,1,4,e,5.26,27.67,10.93,-80.47,0,0
294,1,4,e,5.27,26.94,9.96,-80.17,0,0
294,1,4,e,5.28,26.21,9.16,-77.67,0,0
294,1,4,e,5.29,25.47,8.89,-78.72,0,0
294,1,4,e,5.3,24.74,9.59,-78.86,0,0
294,1,4,e,5.31,24.01,10.71,-80.22,0,0
294,1,4,e,5.32,23.09,12.11,-80.23,0,0
294,1,4,e,5.33,22.36,13.23,-79.62,0,0
294,1,4,e,5.34,21.62,13.55,-77.95,0,0
294,1,4,e,5.35,20.89,13.61,-79.61,0,0
294,1,4,e,5.36,20.16,14.04,-79.5,0,0
294,1,4,e,5.37,19.43,14.89,-79.83,0,0
294,1,4,e,5.38,18.69,15.38,-81.81,0,0
294,1,4,e,5.39,17.96,15.75,-79.91,0,0
294,1,4,e,5.4,17.23,15.86,-80.51,0,0
294,1,4,e,5.41,16.49,16.07,-79.42,0,0
294,1,4,e,5.42,15.76,16.66,-79.24,0,0
294,1,4,e,5.43,14.84,17.41,-79.62,0,0
294,1,4,e,5.44,14.11,17.73,-79.81,0,0
294,1,4,e,5.45,13.56,17.95,-78.92,0,0
294,1,4,e,5.46,12.64,17.63,-77.57,0,0
294,1,4,e,5.47,11.91,17.09,-77.32,0,0
294,1,4,e,5.48,11.18,17.09,-78,0,0
294,1,4,e,5.49,10.45,17.57,-78.53,0,0
294,1,4,e,5.5,9.71,18.21,-78.02,0,0
294,1,4,e,5.51,8.8,18.96,-79.12,0,0
294,1,4,e,5.52,8.06,19.5,-79.74,0,0
294,1,4,e,5.53,7.33,19.45,-79.71,0,0
294,1,4,e,5.54,6.6,18.86,-81.48,0,0
294,1,4,e,5.55,5.86,18.21,-80.93,0,0
294,1,4,e,5.56,5.13,18.59,-79.64,0,0
294,1,4,e,5.57,4.4,19.5,-80.76,0,0
294,1,4,e,5.58,3.67,21.27,-79.9,0,0
294,1,4,e,5.59,2.93,23.63,-80.31,0,0
294,1,4,e,5.6,2.2,25.5,-79.74,0,0
294,1,4,e,5.61,1.47,27.38,-77.73,0,0
294,1,4,e,5.62,0.73,29.2,-76.2,0,0
294,1,4,e,5.63,0,30.75,-75.37,0,0
294,1,4,e,5.64,-0.73,32.52,-75.03,0,0
294,1,4,e,5.65,-1.47,33.75,-74.41,0,0
294,1,4,e,5.66,-2.02,33.96,-67.94,0,0
294,1,4,e,5.67,-2.38,35.46,-58.71,0,0
294,1,4,e,5.68,-2.57,32.25,-45.56,0,0
294,1,4,e,5.69,-2.57,25.39,-31.14,0,0
294,1,4,e,5.7,-2.57,21.54,-19.03,0,0
294,1,5,c,5714,-2.38,16.66,0,0,0
294,1,5,c,5724,-2.02,13.13,5.95,0,0
294,1,5,c,5734,-1.83,11.04,16.89,0,0
294,1,5,c,5744,-1.28,9.48,28.76,0,0
294,1,5,c,5754,-0.92,8.41,37.68,0,0
294,1,5,c,5764,-0.37,8.25,45.4,0,0
294,1,5,c,5774,0.18,8.52,51.42,0,0
294,1,5,c,5784,0.73,9.91,58.37,0,0
294,1,5,c,5794,1.47,11.46,63.19,0,0
294,1,5,c,5804,2.2,13.07,64.54,0,0
294,1,5,c,5814,2.75,13.29,67.71,0,0
294,1,5,c,5824,3.48,13.13,71.3,0,0
294,1,5,c,5834,4.21,12.43,74.45,0,0
294,1,5,c,5844,4.95,11.95,75.93,0,0
294,1,5,c,5854,5.68,11.68,77.55,0,0
294,1,5,c,5864,6.41,11.68,78.86,0,0
294,1,5,c,5874,7.15,11.84,78.4,0,0
294,1,5,c,5884,7.88,12.05,78.35,0,0
294,1,5,c,5894,8.61,12.16,77.92,0,0
294,1,5,c,5904,9.53,12.16,78.66,0,0
294,1,5,c,5914,10.08,11.79,79.38,0,0
294,1,5,c,5924,11,11.57,80.13,0,0
294,1,5,c,5934,11.73,11.2,81.25,0,0
294,1,5,c,5944,12.46,10.88,83.69,0,0
294,1,5,c,5954,13.19,10.61,84.25,0,0
294,1,5,c,5964,14.11,10.23,82.91,0,0
294,1,5,c,5974,14.84,10.18,81.75,0,0
294,1,5,c,5984,15.58,10.39,79.34,0,0
294,1,5,c,5994,16.31,10.18,80.82,0,0
294,1,5,c,6004,17.04,9.8,78.75,0,0
294,1,5,c,6014,17.96,9.8,80.26,0,0
294,1,5,c,6024,18.69,10.02,78.76,0,0
294,1,5,c,6034,19.43,10.13,80.14,0,0
294,1,5,c,6044,20.16,10.23,81.85,0,0
294,1,5,c,6054,20.89,10.29,81.24,0,0
294,1,5,c,6064,21.62,10.07,82.33,0,0
294,1,5,c,6074,22.36,9.59,82.77,0,0
294,1,5,c,6084,23.09,9.75,80.75,0,0
294,1,5,c,6094,24.01,9.91,79.99,0,0
294,1,5,c,6104,24.74,9.86,79.51,0,0
294,1,5,c,6114,25.47,10.45,79.21,0,0
294,1,5,c,6124,26.21,10.5,79.73,0,0
294,1,5,c,6134,26.94,9.96,79.15,0,0
294,1,5,c,6144,27.86,9.91,80.07,0,0
294,1,5,c,6154,28.59,10.07,79.58,0,0
294,1,5,c,6164,29.32,9.86,79.36,0,0
294,1,5,c,6174,30.05,10.02,80.57,0,0
294,1,5,c,6184,30.79,10.55,79.32,0,0
294,1,5,c,6194,31.52,10.39,79.29,0,0
294,1,5,c,6204,32.25,10.45,79.93,0,0
294,1,5,c,6214,32.99,10.66,79.7,0,0
294,1,5,c,6224,33.72,10.34,80.06,0,0
294,1,5,c,6234,34.45,9.96,81.22,0,0
294,1,5,c,6244,35.19,10.39,81.46,0,0
294,1,5,c,6254,36.1,10.45,81.04,0,0
294,1,5,c,6264,36.84,10.34,80.04,0,0
294,1,5,c,6274,37.57,10.71,78.83,0,0
294,1,5,c,6284,38.3,10.55,79.4,0,0
294,1,5,c,6294,39.03,10.45,78.8,0,0
294,1,5,c,6304,39.95,10.45,80.19,0,0
294,1,5,c,6314,40.68,10.45,79.2,0,0
294,1,5,c,6324,41.42,10.02,78.19,0,0
294,1,5,c,6334,42.15,10.18,80.2,0,0
294,1,5,c,6344,42.88,10.07,79.72,0,0
294,1,5,c,6354,43.62,9.91,79.8,0,0
294,1,5,c,6364,44.35,10.5,79.89,0,0
294,1,5,c,6374,44.9,12,71.81,0,0
294,1,5,c,6384,45.08,13.34,60.3,0,0
294,1,5,c,6394,45.27,14.14,43.47,0,0
294,1,5,c,6404,45.27,14.41,26.33,0,0
294,1,5,e,6414,45.08,14.14,0,0,0
294,1,5,e,6424,45.08,14.68,0,0,0
294,1,5,e,6434,44.72,16.71,-5.01,0,0
294,1,5,e,6444,44.35,18.48,-15.06,0,0
294,1,5,e,6454,43.98,18.59,-28.53,0,0
294,1,5,e,6464,43.62,18.16,-40.38,0,0
294,1,5,e,6474,43.07,16.55,-46.15,0,0
294,1,5,e,6484,42.52,14.84,-52.71,0,0
294,1,5,e,6494,41.78,13.5,-56.42,0,0
294,1,5,e,6504,41.23,12.59,-60.44,0,0
294,1,5,e,6514,40.68,11.84,-64.98,0,0
294,1,5,e,6524,39.95,11.09,-68.38,0,0
294,1,5,e,6534,39.22,10.29,-70.03,0,0
294,1,5,e,6544,38.48,9.96,-72.74,0,0
294,1,5,e,6554,37.75,10.07,-75.62,0,0
294,1,5,e,6564,37.02,10.55,-77.86,0,0
294,1,5,e,6574,36.29,10.88,-78.28,0,0
294,1,5,e,6584,35.55,10.93,-76.3,0,0
294,1,5,e,6594,34.82,10.55,-74.37,0,0
294,1,5,e,6604,34.09,10.34,-77.12,0,0
294,1,5,e,6614,33.35,10.5,-78.74,0,0
294,1,5,e,6624,32.62,10.98,-80.13,0,0
294,1,5,e,6634,31.89,11.57,-82.01,0,0
294,1,5,e,6644,31.15,12.16,-79.38,0,0
294,1,5,e,6654,30.42,11.89,-79.88,0,0
294,1,5,e,6664,29.69,10.98,-80.89,0,0
294,1,5,e,6674,28.96,10.34,-80.51,0,0
294,1,5,e,6684,28.04,10.02,-79.75,0,0
294,1,5,e,6694,27.31,10.07,-79.73,0,0
294,1,5,e,6704,26.57,10.55,-79.16,0,0
294,1,5,e,6714,25.84,11.2,-80.39,0,0
294,1,5,e,6724,25.11,11.79,-79.09,0,0
294,1,5,e,6734,24.19,12.8,-80.8,0,0
294,1,5,e,6744,23.64,13.61,-79.12,0,0
294,1,5,e,6754,22.72,13.77,-78.84,0,0
294,1,5,e,6764,21.99,13.39,-79.52,0,0
294,1,5,e,6774,21.26,12.8,-78.99,0,0
294,1,5,e,6784,20.71,12.86,-78.93,0,0
294,1,5,e,6794,19.79,13.18,-81.21,0,0
294,1,5,e,6804,19.06,13.45,-80.85,0,0
294,1,5,e,6814,18.33,13.13,-79.61,0,0
294,1,5,e,6824,17.59,12.54,-80.76,0,0
294,1,5,e,6834,16.86,12.11,-79.99,0,0
294,1,5,e,6844,16.13,11.95,-80.28,0,0
294,1,5,e,6854,15.39,12.05,-80.77,0,0
294,1,5,e,6864,14.48,12.21,-80.07,0,0
294,1,5,e,6874,13.74,12.16,-79.99,0,0
294,1,5,e,6884,13.01,11.89,-78.77,0,0
294,1,5,e,6894,12.28,12.11,-78.77,0,0
294,1,5,e,6904,11.55,12.75,-79.14,0,0
294,1,5,e,6914,10.81,13.98,-78.72,0,0
294,1,5,e,6924,9.9,15.32,-79.16,0,0
294,1,5,e,6934,9.16,16.5,-79,0,0
294,1,5,e,6944,8.43,16.66,-77.85,0,0
294,1,5,e,6954,7.7,16.82,-80.19,0,0
294,1,5,e,6964,6.96,16.55,-79.43,0,0
294,1,5,e,6974,6.23,17.2,-80.02,0,0
294,1,5,e,6984,5.5,18.54,-81.9,0,0
294,1,5,e,6994,4.76,19.88,-80.27,0,0
294,1,5,e,7004,4.03,21,-79.17,0,0
294,1,5,e,7014,3.3,22.18,-80.24,0,0
294,1,5,e,7024,2.57,23.09,-79.39,0,0
294,1,5,e,7034,1.83,23.79,-79.65,0,0
294,1,5,e,7044,1.1,25.29,-79.92,0,0
294,1,5,e,7054,0.37,27.7,-79.71,0,0
294,1,5,e,7064,-0.37,30.75,-80.38,0,0
294,1,5,e,7074,-1.1,33.27,-77.88,0,0
294,1,5,e,7084,-1.28,30.86,-65.61,0,0
